{
  "": [
    {
      "users": []
    },
    {
      "": [
        {
          "": [
            {
              "users": {
                "": {
                  "": [
                    {
                      "db": "admin"
                    },
                    {
                      "db": ""
                    }
                  ]
                }
              }
            },
            {
              "roles": {
                "": {
                  "": [
                    {
                      "db": "admin"
                    }
                  ]
                }
              }
            }
          ]
        },
        {
          "": [
            {
              "atype": "authCheck",
              "param.command": {
                "": [
                  "aggregate",
                  "count",
                  "distinct",
                  "group",
                  "mapReduce",
                  "geoNear",
                  "geoSearch",
                  "eval",
                  "find",
                  "getLastError",
                  "getMore",
                  "getPrevError",
                  "parallelCollectionScan",
                  "delete",
                  "findAndModify",
                  "insert",
                  "update",
                  "resetError"
                ]
              }
            },
            {
              "atype": {
                "": [
                  "authenticate",
                  "createCollection",
                  "createDatabase",
                  "createIndex",
                  "renameCollection",
                  "dropCollection",
                  "dropDatabase",
                  "dropIndex",
                  "createUser",
                  "dropUser",
                  "dropAllUsersFromDatabase",
                  "updateUser",
                  "grantRolesToUser",
                  "revokeRolesFromUser",
                  "createRole",
                  "updateRole",
                  "dropRole",
                  "dropAllRolesFromDatabase",
                  "grantRolesToRole",
                  "revokeRolesFromRole",
                  "grantPrivilegesToRole",
                  "revokePrivilegesFromRole",
                  "enableSharding",
                  "shardCollection",
                  "addShard",
                  "removeShard",
                  "shutdown",
                  "applicationMessage"
                ]
              }
            }
          ]
        }
      ]
    }
  ]
}
